"Sta","Latitude","Longitude","Elevation","Dist","EvAz","Phase","Time","TRes"
CAL,22.53917,88.33067,6.0,4.61,159.5,Pn,08:44:18.0,-16.7
AGR,27.13330,78.01670,163.0,7.65,273.8,Pn,08:45:10.0,-6.5
AGR,27.13330,78.01670,163.0,7.65,273.8,Pb,08:46:10.0,32.0
DDI,30.32250,78.05560,682.0,8.24,296.5,Pn,08:45:10.0,-14.8
BOM,18.89583,72.81267,6.0,14.97,240.8,Pn,08:46:46.0,-10.7
BOM,18.89583,72.81267,6.0,14.97,240.8,Sn,08:49:38.0,-4.3
AAA,43.20900,76.91500,920.0,18.13,336.9,P,08:47:40.0,2.8
AAA,43.20900,76.91500,920.0,18.13,336.9,Sn,08:50:36.0,-23.0
FRU,42.83330,74.61670,655.0,18.67,331.5,P,08:47:43.0,-0.0
FRU,42.83330,74.61670,655.0,18.67,331.5,Sn,08:51:07.0,-4.9
KOD,10.23330,77.46670,2345.0,18.67,209.2,P,08:47:36.0,-7.5
KOD,10.23330,77.46670,2345.0,18.67,209.2,S,08:51:32.0,15.8
PLV,20.80600,106.62900,90.0,19.29,104.0,P,08:47:47,-3.0
PLV,20.80600,106.62900,90.0,19.29,104.0,m1,08:49:48,___
PLV,20.80600,106.62900,90.0,19.29,104.0,Sn,08:51:29,1.7
PLV,20.80600,106.62900,90.0,19.29,104.0,P,08:47:47.0,-3.0
PLV,20.80600,106.62900,90.0,19.29,104.0,Sn,08:51:29.0,1.7
TAS,41.32500,69.29500,470.0,20.26,319.7,P,08:47:55.0,-5.4
CHM,42.31900,69.60300,512.0,20.74,322.3,Pn,08:48:16.0,8.0
COC,6.90000,79.86670,7.0,20.88,199.0,P,08:48:05.0,-2.3
COC,6.90000,79.86670,7.0,20.88,199.0,S,08:52:00.0,0.2
HKC,22.30200,114.17430,27.0,25.47,94.3,P,08:48:45.0,-8.2
HKC,22.30200,114.17430,27.0,25.47,94.3,S,08:53:16.0,-4.0
MED,3.55000,98.68333,32.0,25.93,151.4,P,08:49:02.0,4.6
PEK,40.04030,116.17500,43.0,27.81,54.3,P,08:49:11.0,-3.2
PEK,40.04030,116.17500,43.0,27.81,54.3,S,08:53:58.0,1.4
NAN,32.06330,118.78300,10.0,28.44,71.8,P,08:49:15.0,-4.8
NAN,32.06330,118.78300,10.0,28.44,71.8,S,08:54:01.0,-5.6
TAI,22.99520,120.19700,14.0,30.67,89.8,P,08:49:49.0,9.3
TAI,22.99520,120.19700,14.0,30.67,89.8,S,08:55:37.0,55.2
ZKW,31.18330,121.43300,7.0,30.69,73.6,S,08:55:40,58.0
ZKW,31.18330,121.43300,7.0,30.69,73.6,W3,12:25:40,___
ZKW,31.18330,121.43300,7.0,30.69,73.6,P,08:49:36.0,-3.8
ZKW,31.18330,121.43300,7.0,30.69,73.6,S,08:55:40.0,58.0
TCU,24.14750,120.67600,84.0,30.83,87.4,P,08:50:14.0,32.9
TCU,24.14750,120.67600,84.0,30.83,87.4,S,08:55:07.0,22.6
KAU,22.56790,120.30800,2.0,30.87,90.6,P,08:49:56.0,14.5
KAU,22.56790,120.30800,2.0,30.87,90.6,S,08:55:36.0,50.9
ALS,23.51040,120.80500,2413.0,31.09,88.6,P,08:49:53.0,9.2
ALS,23.51040,120.80500,2413.0,31.09,88.6,S,08:55:12.0,22.9
TAP,25.03930,121.50600,6.0,31.39,85.4,P,08:49:48.0,1.9
TAP,25.03930,121.50600,6.0,31.39,85.4,S,08:55:01.0,7.9
HEN,22.00547,120.73806,22.1,31.41,91.4,P,08:48:59.0,-47.2
HEN,22.00547,120.73806,22.1,31.41,91.4,S,08:54:55.0,1.6
TTN,22.75400,121.14700,9.0,31.58,89.8,P,08:49:54.0,6.3
TTN,22.75400,121.14700,9.0,31.58,89.8,S,08:55:15.0,18.9
DAI,38.90000,121.63300,97.0,31.59,58.8,P,08:49:43.0,-4.6
DAI,38.90000,121.63300,97.0,31.59,58.8,S,08:54:58.0,2.1
HWA,23.97700,121.60500,16.0,31.70,87.4,P,08:50:00.0,11.2
HWA,23.97700,121.60500,16.0,31.70,87.4,S,08:55:15.0,17.1
BAK,40.37200,49.81800,83.0,33.20,303.4,P,08:50:04.0,2.3
ISI,24.33167,124.16333,6.0,33.90,85.8,P,08:50:10.0,1.9
ISI,24.33167,124.16333,6.0,33.90,85.8,S,08:55:53.0,20.8
MAN,14.66000,121.07800,70.0,34.35,103.8,P,08:50:08.0,-4.0
MAN,14.66000,121.07800,70.0,34.35,103.8,S,08:55:33.0,-6.3
PYO,39.03330,125.75000,51.0,34.77,59.6,P,08:50:23.0,7.6
PYO,39.03330,125.75000,51.0,34.77,59.6,S,08:55:47.0,1.7
SVE,56.82700,60.63700,275.0,35.19,335.3,P,08:50:17.0,-1.9
SVE,56.82700,60.63700,275.0,35.19,335.3,S,08:55:55.0,3.5
INC,37.48330,126.63300,70.0,35.27,62.4,P,08:50:14.0,-5.8
INC,37.48330,126.63300,70.0,35.27,62.4,S,08:55:44.0,-9.1
SEO,37.56670,126.96700,86.0,35.54,62.3,P,08:50:17.0,-5.1
SEO,37.56670,126.96700,86.0,35.54,62.3,S,08:55:57.0,-0.3
TAE,35.86670,128.60000,50.0,36.74,65.3,P,08:50:29.0,-3.4
TAE,35.86670,128.60000,50.0,36.74,65.3,S,08:56:17.0,1.4
GRO,43.32000,45.75000,123.0,36.81,307.2,P,08:50:33.0,0.1
SLS,-5.40000,105.21700,240.0,36.81,147.9,P,08:50:06.0,-27.2
TIF,41.71667,44.80000,399.0,37.18,304.4,P,08:50:31.0,-5.1
TIF,41.71667,44.80000,399.0,37.18,304.4,S,08:56:25.0,2.7
ERE,40.17000,44.47000,998.0,37.19,301.8,P,08:50:40.0,3.7
ERE,40.17000,44.47000,998.0,37.19,301.8,S,08:56:14.0,-8.6
NGS,32.73170,129.87000,24.0,37.81,70.5,P,08:50:36.0,-5.5
NGS,32.73170,129.87000,24.0,37.81,70.5,S,08:56:34.0,2.0
FKK,33.58000,130.38000,3.0,38.20,69.1,P,08:50:40.0,-4.8
FKK,33.58000,130.38000,3.0,38.20,69.1,S,08:56:44.0,6.1
FKK,33.58000,130.38000,3.0,38.20,69.1,P,08:50:40.0,-4.8
FKK,33.58000,130.38000,3.0,38.20,69.1,S,08:56:40.0,2.1
DJA,-6.18333,106.83620,8.0,38.28,146.3,P,08:50:47.0,1.5
KAG,31.55083,130.55083,2.0,38.46,72.3,P,08:50:56.0,9.0
KAG,31.55083,130.55083,2.0,38.46,72.3,S,08:56:46.0,4.2
KUM,32.81000,130.71000,39.0,38.51,70.3,P,08:50:43.0,-4.4
KUM,32.81000,130.71000,39.0,38.51,70.3,S,08:56:44.0,1.4
MYZ,31.92000,131.42333,7.0,39.17,71.7,P,08:50:47.0,-6.0
MYZ,31.92000,131.42333,7.0,39.17,71.7,S,08:56:35.0,-17.6
MLB,-7.21667,107.61700,1550.0,39.55,146.0,P,08:51:06.0,9.5
MLB,-7.21667,107.61700,1550.0,39.55,146.0,S,08:57:01.0,2.1
HMD,34.89330,132.07300,21.0,39.57,67.0,P,08:50:51.0,-5.2
HMD,34.89330,132.07300,21.0,39.57,67.0,S,08:56:58.0,-0.5
HIR,34.36330,132.43700,30.0,39.88,67.8,P,08:50:59.0,0.1
HIR,34.36330,132.43700,30.0,39.88,67.8,S,08:57:09.0,5.8
VLA,43.11960,131.88500,61.0,39.98,54.1,P,08:50:53.0,-6.5
VLA,43.11960,131.88500,61.0,39.98,54.1,S,08:56:49.0,-15.4
SHM,32.77500,132.95800,2.0,40.40,70.2,P,08:50:56.0,-7.2
SHM,32.77500,132.95800,2.0,40.40,70.2,S,08:56:59.0,-12.0
KOC,33.55330,133.53700,-1.0,40.84,68.9,P,08:51:03.0,-3.8
KOC,33.55330,133.53700,-1.0,40.84,68.9,S,08:57:19.0,1.5
SOC,43.58330,39.71670,192.0,41.18,306.3,P,08:51:26.0,16.5
SOC,43.58330,39.71670,192.0,41.18,306.3,S,08:57:40.0,17.7
MRT,33.24833,134.18000,186.0,41.39,69.3,P,08:51:07.0,-4.4
MRT,33.24833,134.18000,186.0,41.39,69.3,S,08:57:27.0,1.2
TYK,35.53330,134.82500,4.0,41.80,65.9,P,08:51:18.0,3.3
TYK,35.53330,134.82500,4.0,41.80,65.9,S,08:57:29.0,-2.8
SUM,34.33500,134.90800,110.0,41.93,67.7,P,08:51:11.0,-4.7
SUM,34.33500,134.90800,110.0,41.93,67.7,S,08:57:26.0,-7.7
KOB,34.68830,135.18000,58.0,42.13,67.1,P,08:51:13.0,-4.4
KOB,34.68830,135.18000,58.0,42.13,67.1,S,08:57:39.0,2.3
WKY,34.22670,135.16700,14.0,42.15,67.8,P,08:51:12.0,-5.5
WKY,34.22670,135.16700,14.0,42.15,67.8,S,08:57:34.0,-2.9
OSA,34.67830,135.52200,13.0,42.41,67.1,P,08:51:15.0,-4.7
OSA,34.67830,135.52200,13.0,42.41,67.1,S,08:57:43.0,2.2
KYO,35.01170,135.73500,42.0,42.57,66.6,P,08:51:17.0,-4.0
KYO,35.01170,135.73500,42.0,42.57,66.6,S,08:57:39.0,-4.1
YAG,34.51670,135.80000,63.0,42.65,67.3,P,08:51:18.0,-3.6
YAG,34.51670,135.80000,63.0,42.65,67.3,S,08:57:40.0,-4.3
SHJ,33.44830,135.76300,75.0,42.70,68.9,P,08:51:17.0,-5.0
SHJ,33.44830,135.76300,75.0,42.70,68.9,S,08:57:47.0,1.9
HIK,35.27330,136.24700,87.0,42.98,66.2,P,08:51:21.0,-3.2
HIK,35.27330,136.24700,87.0,42.98,66.2,S,08:57:44.0,-5.1
KAM,34.85670,136.46500,71.0,43.18,66.8,P,08:51:22.0,-3.9
KAM,34.85670,136.46500,71.0,43.18,66.8,S,08:57:50.0,-2.1
GIF,35.39830,136.76500,13.0,43.39,66.0,P,08:51:22.0,-5.6
GIF,35.39830,136.76500,13.0,43.39,66.0,S,08:57:51.0,-4.2
WAJ,37.39000,136.89800,7.0,43.42,63.1,P,08:51:22.0,-5.8
WAJ,37.39000,136.89800,7.0,43.42,63.1,S,08:57:47.0,-8.6
NAG,35.16500,136.96800,56.0,43.57,66.3,P,08:51:24.0,-5.1
NAG,35.16500,136.96800,56.0,43.57,66.3,S,08:58:01.0,3.2
KSA,33.82333,35.89000,920.0,43.93,291.8,P,08:51:33.0,0.9
KSA,33.82333,35.89000,920.0,43.93,291.8,S,08:58:03.0,-0.4
HMM,34.70667,137.72333,33.0,44.22,66.9,P,08:51:31.0,-3.3
HMM,34.70667,137.72333,33.0,44.22,66.9,S,08:58:12.0,4.7
NGN,36.66000,138.19500,419.0,44.49,64.1,P,08:51:33.0,-3.4
NGN,36.66000,138.19500,419.0,44.49,64.1,S,08:58:18.0,6.8
OIW,36.34000,138.55200,1001.0,44.79,64.5,P,08:51:34.0,-5.0
OIW,36.34000,138.55200,1001.0,44.79,64.5,S,08:58:10.0,-5.8
FUN,35.49830,138.76300,860.0,45.01,65.7,P,08:51:29.0,-11.7
FUN,35.49830,138.76300,860.0,45.01,65.7,S,08:58:12.0,-7.0
MAE,36.40170,139.06500,112.0,45.20,64.4,P,08:51:42.0,-0.1
MAE,36.40170,139.06500,112.0,45.20,64.4,S,08:58:18.0,-3.5
SUS,34.66670,138.98300,3.0,45.26,66.8,P,08:51:48.0,5.4
SUS,34.66670,138.98300,3.0,45.26,66.8,S,08:57:25.0,-57.4
YAL,44.48750,34.15472,23.0,45.26,307.0,P,08:51:43.0,0.6
YAL,44.48750,34.15472,23.0,45.26,307.0,S,08:57:25.0,-57.2
SIM,44.94900,34.11600,275.0,45.33,307.6,P,08:51:40.0,-3.0
SIM,44.94900,34.11600,275.0,45.33,307.6,S,08:58:22.0,-1.2
KMG,36.14660,139.38333,31.0,45.47,64.7,P,08:51:43.0,-1.2
KMG,36.14660,139.38333,31.0,45.47,64.7,S,08:57:25.0,-60.4
SEV,44.54500,33.66800,42.0,45.62,307.0,P,08:51:45.0,-0.2
SEV,44.54500,33.66800,42.0,45.62,307.0,S,08:58:28.0,0.8
TOK,35.68667,139.75833,-285.0,45.81,65.3,P,08:51:48.0,1.1
TOK,35.68667,139.75833,-285.0,45.81,65.3,S,08:58:33.0,2.8
HNG,35.71110,139.76600,18.0,45.81,65.3,P,08:51:54.0,7.1
HNG,35.71110,139.76600,18.0,45.81,65.3,S,08:58:30.0,-0.3
AKI,39.71833,140.10167,10.0,45.90,59.7,P,08:51:59.0,11.4
AKI,39.71833,140.10167,10.0,45.90,59.7,S,08:59:08.0,36.5
MTJ,36.21080,140.11000,286.0,46.05,64.6,P,08:51:42.0,-6.9
MTJ,36.21080,140.11000,286.0,46.05,64.6,S,08:58:27.0,-6.9
KAK,36.23170,140.19300,27.0,46.12,64.5,P,08:51:43.0,-6.3
KAK,36.23170,140.19300,27.0,46.12,64.5,S,08:58:29.0,-5.7
MIT,36.37830,140.47200,29.0,46.33,64.3,P,08:51:42.0,-9.0
MIT,36.37830,140.47200,29.0,46.33,64.3,S,08:58:32.0,-5.8
AOM,40.81667,140.78333,5.0,46.41,58.2,P,08:51:54.0,2.4
AOM,40.81667,140.78333,5.0,46.41,58.2,S,08:58:52.0,13.2
SEN,38.26000,140.90000,38.0,46.56,61.7,P,08:51:48.0,-4.8
SEN,38.26000,140.90000,38.0,46.56,61.7,S,08:58:43.0,1.9
CHO,35.72500,140.84333,27.0,46.69,65.2,P,08:51:52.0,-1.8
CHO,35.72500,140.84333,27.0,46.69,65.2,S,08:58:49.0,6.1
MIZ,39.13430,141.13600,63.0,46.72,60.5,P,08:51:50.0,-4.0
MIZ,39.13430,141.13600,63.0,46.72,60.5,S,08:58:43.0,-0.2
MRK,39.69667,141.16667,154.0,46.72,59.7,P,08:51:55.0,0.9
MRK,39.69667,141.16667,154.0,46.72,59.7,S,08:58:52.0,8.7
SAP,43.05830,141.33200,17.0,46.85,55.1,P,08:51:52.0,-3.0
SAP,43.05830,141.33200,17.0,46.85,55.1,S,08:58:37.0,-8.1
ASA,43.77000,142.37300,112.0,47.63,54.2,P,08:52:13.0,11.9
ASA,43.77000,142.37300,112.0,47.63,54.2,S,08:59:05.0,8.8
URA,42.15833,142.78167,30.0,47.91,56.4,P,08:52:01.0,-2.3
URA,42.15833,142.78167,30.0,47.91,56.4,S,08:59:01.0,0.8
HLW,29.85830,31.34170,135.0,48.31,287.1,P,08:51:04,-62.6
HLW,29.85830,31.34170,135.0,48.31,287.1,S,08:58:05,-61.2
HLW,29.85830,31.34170,135.0,48.31,287.1,P,08:51:04.0,-62.6
HLW,29.85830,31.34170,135.0,48.31,287.1,S,08:58:05.0,-61.2
KUS,42.97500,144.39167,33.0,49.10,55.3,P,08:52:09.0,-3.4
KUS,42.97500,144.39167,33.0,49.10,55.3,S,08:59:13.0,-3.9
TTZ,27.08330,142.18300,,49.18,76.4,P,08:52:06.0,-7.3
TTZ,27.08330,142.18300,,49.18,76.4,S,08:59:12.0,-6.5
PLA,7.33333,134.48300,390.0,49.38,104.2,P,08:52:28.0,13.0
PLA,7.33333,134.48300,390.0,49.38,104.2,S,08:58:25.0,-56.6
PUL,59.77280,30.32220,88.5,50.29,326.8,P,08:52:19.0,-2.2
PUL,59.77280,30.32220,88.5,50.29,326.8,S,08:59:25.0,-8.1
AMO,-3.70000,128.16700,,50.36,120.7,P,08:52:22.0,-0.4
AMO,-3.70000,128.16700,,50.36,120.7,S,08:59:35.0,-0.2
LVV,49.81900,24.03100,320.0,52.46,313.5,P,08:52:44.0,6.3
LVV,49.81900,24.03100,320.0,52.46,313.5,S,09:00:09.0,5.6
HEL,60.17560,24.95700,20.0,53.01,326.6,P,08:52:44.0,2.5
HEL,60.17560,24.95700,20.0,53.01,326.6,S,09:00:07.0,-3.5
BEO,44.80930,20.47142,129.0,55.02,307.4,P,08:52:56.0,-0.5
BEO,44.80930,20.47142,129.0,55.02,307.4,S,09:00:38.0,-0.2
UPP,59.85760,17.62290,14.0,56.62,325.7,P,08:53:00,-7.7
UPP,59.85760,17.62290,14.0,56.62,325.7,S,09:00:54,-5.1
UPP,59.85760,17.62290,14.0,56.62,325.7,M,09:19:24,___
UPP,59.85760,17.62290,14.0,56.62,325.7,P,08:53:06.0,-1.7
UPP,59.85760,17.62290,14.0,56.62,325.7,S,09:00:54.0,-5.1
VIE,48.24830,16.36170,198.0,57.55,311.8,P,08:53:14.0,-0.5
VIE,48.24830,16.36170,198.0,57.55,311.8,S,09:01:14.0,2.3
ZAG*,45.81670,15.98330,155.0,58.07,309.0,P,08:53:11.0,-7.2
ZAG*,45.81670,15.98330,155.0,58.07,309.0,S,09:01:17.0,-1.5
GRA,47.07670,15.44830,369.0,58.29,310.5,P,08:53:11.0,-8.7
GRA,47.07670,15.44830,369.0,58.29,310.5,S,09:01:26.0,4.6
PRA,50.07030,14.43310,225.0,58.65,314.1,P,08:53:20.0,-2.1
PRA,50.07030,14.43310,225.0,58.65,314.1,S,09:01:38.0,12.1
LJU,46.04375,14.52739,396.0,59.05,309.4,P,08:53:27.0,2.0
LJU,46.04375,14.52739,396.0,59.05,309.4,S,09:01:30.0,-1.3
TAN,-18.91690,47.55190,1375.0,59.22,223.9,P,08:53:24.0,-2.6
TAN,-18.91690,47.55190,1375.0,59.22,223.9,S,09:01:36.0,1.7
COP,55.68531,12.43250,13.0,59.42,320.7,P,08:53:28.0,0.7
COP,55.68531,12.43250,13.0,59.42,320.7,S,09:01:35.0,-0.7
TRS,45.64280,13.75390,8.0,59.64,309.0,P,08:53:21.0,-8.0
TRS,45.64280,13.75390,8.0,59.64,309.0,S,09:01:34.0,-4.9
LEI,51.33500,12.39170,113.0,59.81,315.7,P,08:53:29.0,-1.1
LEI,51.33500,12.39170,113.0,59.81,315.7,S,09:01:38.0,-2.9
CHE,50.07940,12.37610,430.0,59.96,314.3,P,08:53:32.0,0.7
CHE,50.07940,12.37610,430.0,59.96,314.3,S,09:01:43.0,-0.0
NPL,40.84670,14.25780,7.0,60.09,303.5,P,08:53:44.0,11.8
NPL,40.84670,14.25780,7.0,60.09,303.5,S,09:02:09.0,24.2
JEN,50.95190,11.58330,193.0,60.36,315.3,P,08:53:28.0,-5.9
JEN,50.95190,11.58330,193.0,60.36,315.3,S,09:01:44.0,-4.0
JEN,50.95190,11.58330,193.0,60.36,315.3,P,08:53:34.0,0.1
JEN,50.95190,11.58330,193.0,60.36,315.3,S,09:01:46.0,-2.0
JEN,50.95190,11.58330,193.0,60.36,315.3,P,08:53:34.0,0.1
JEN,50.95190,11.58330,193.0,60.36,315.3,S,09:01:42.0,-6.0
VEN,45.43330,12.33330,1.0,60.66,309.0,P,08:53:36.0,-0.0
VEN,45.43330,12.33330,1.0,60.66,309.0,S,09:01:52.0,0.0
HAM,53.46510,9.92478,30.0,61.07,318.3,P,08:53:39.0,0.3
HAM,53.46510,9.92478,30.0,61.07,318.3,S,09:02:02.0,5.0
GTT,51.54640,9.96417,272.0,61.29,316.2,P,08:53:36,-4.3
GTT,51.54640,9.96417,272.0,61.29,316.2,pP,08:53:42,-3.1
GTT,51.54640,9.96417,272.0,61.29,316.2,pP,08:53:42,-3.1
GTT,51.54640,9.96417,272.0,61.29,316.2,L,08:54:00,___
GTT,51.54640,9.96417,272.0,61.29,316.2,08:54:04,___,25000.0
GTT,51.54640,9.96417,272.0,61.29,316.2,AMB,08:54:04,___
GTT,51.54640,9.96417,272.0,61.29,316.2,PP,08:56:17,22.0
GTT,51.54640,9.96417,272.0,61.29,316.2,PR1,08:56:22,___
GTT,51.54640,9.96417,272.0,61.29,316.2,PPP,08:57:28,___
GTT,51.54640,9.96417,272.0,61.29,316.2,08:58:30,___,_e
GTT,51.54640,9.96417,272.0,61.29,316.2,S,09:01:51,-8.9
GTT,51.54640,9.96417,272.0,61.29,316.2,S,09:02:04,4.1
GTT,51.54640,9.96417,272.0,61.29,316.2,S,09:02:04,4.1
GTT,51.54640,9.96417,272.0,61.29,316.2,smax,09:02:35,___
GTT,51.54640,9.96417,272.0,61.29,316.2,smax,09:02:35,___
GTT,51.54640,9.96417,272.0,61.29,316.2,ScPcS,09:03:30,___
GTT,51.54640,9.96417,272.0,61.29,316.2,SS,09:06:04,4.1
GTT,51.54640,9.96417,272.0,61.29,316.2,mSR1,09:06:30,___
GTT,51.54640,9.96417,272.0,61.29,316.2,mSR1,09:06:30,___
GTT,51.54640,9.96417,272.0,61.29,316.2,SSS,09:07:36,___
GTT,51.54640,9.96417,272.0,61.29,316.2,M,09:17:00,___
GTT,51.54640,9.96417,272.0,61.29,316.2,M,09:17:00,___
GTT,51.54640,9.96417,272.0,61.29,316.2,M,09:21:54,___
GTT,51.54640,9.96417,272.0,61.29,316.2,M,09:22:30,___
GTT,51.54640,9.96417,272.0,61.29,316.2,M,09:22:30,___
GTT,51.54640,9.96417,272.0,61.29,316.2,M,09:26:54,___
GTT,51.54640,9.96417,272.0,61.29,316.2,P,08:53:36.0,-4.3
GTT,51.54640,9.96417,272.0,61.29,316.2,S,09:01:51.0,-8.9
FIR,43.77390,11.25500,46.0,61.71,307.3,P,08:53:46.0,2.8
FIR,43.77390,11.25500,46.0,61.71,307.3,S,09:02:03.0,-2.5
PTF,43.95944,11.06972,550.0,61.81,307.5,P,08:53:48.0,4.0
PTF,43.95944,11.06972,550.0,61.81,307.5,S,09:02:03.0,-3.8
STU,48.77190,9.19500,360.0,62.21,313.1,P,08:53:39.0,-7.5
STU,48.77190,9.19500,360.0,62.21,313.1,S,09:01:25.0,-46.7
CHU,46.84990,9.53669,630.0,62.32,310.9,P,08:53:40.0,-7.4
CHU,46.84990,9.53669,630.0,62.32,310.9,S,09:02:02.0,-11.3
PCN,45.03530,9.72470,55.0,62.58,308.9,P,08:53:19.0,-30.0
PCN,45.03530,9.72470,55.0,62.58,308.9,S,09:02:18.0,1.6
KRL,49.01080,8.41222,114.0,62.68,313.5,P,08:53:49.0,-0.6
KRL,49.01080,8.41222,114.0,62.68,313.5,S,09:02:17.0,-0.5
BER,60.38381,5.33389,50.0,62.76,326.5,P,08:53:52.0,2.1
BER,60.38381,5.33389,50.0,62.76,326.5,PnS,09:02:27.0,-6.9
ZUR,47.36921,8.58088,615.0,62.87,311.7,P,08:53:44.0,-7.0
ZUR,47.36921,8.58088,615.0,62.87,311.7,S,09:02:20.0,-0.1
FEL,47.87580,8.01270,1330.0,63.15,312.3,P,08:53:47.0,-6.0
FEL,47.87580,8.01270,1330.0,63.15,312.3,S,09:02:18.0,-5.7
STR,48.58450,7.76583,135.0,63.17,313.1,P,08:53:44.0,-8.9
STR,48.58450,7.76583,135.0,63.17,313.1,S,09:02:14.0,-9.7
BAS,47.54000,7.58167,309.0,63.50,312.0,P,08:53:55.0,-0.1
BAS,47.54000,7.58167,309.0,63.50,312.0,S,09:02:29.0,1.1
NEU,46.99730,6.95733,487.0,64.03,311.5,P,08:53:51.0,-7.7
NEU,46.99730,6.95733,487.0,64.03,311.5,S,09:01:25.0,-69.5
DBN,52.10167,5.17667,3.0,64.13,317.3,P,08:54:03.0,3.8
DBN,52.10167,5.17667,3.0,64.13,317.3,S,09:02:35.0,-0.5
TUN,36.80000,10.13330,,64.14,299.9,P,08:54:00.0,0.5
TUN,36.80000,10.13330,,64.14,299.9,S,09:01:25.0,-71.1
PER,-31.95270,115.83900,55.0,64.81,152.7,P,08:54:07.0,3.2
PER,-31.95270,115.83900,55.0,64.81,152.7,S,09:02:43.0,-1.2
UCC,50.79830,4.35944,105.0,64.90,316.0,S,09:02:43.0,-2.0
UCC,50.79830,4.35944,105.0,64.90,316.0,PP,08:56:52.0,25.3
MAR,43.30530,5.39389,75.0,65.97,307.8,P,08:53:10.0,-61.3
MAR,43.30530,5.39389,75.0,65.97,307.8,S,09:01:52.0,-66.4
PAR,48.80944,2.49361,47.0,66.53,314.2,P,08:54:12.0,-2.8
PAR,48.80944,2.49361,47.0,66.53,314.2,S,09:03:00.0,-5.0
PDD,45.76670,2.96667,1450.0,67.00,310.9,P,08:54:17.0,-1.1
PDD,45.76670,2.96667,1450.0,67.00,310.9,S,09:03:19.0,7.8
DUR,54.76840,-1.58500,103.0,67.48,321.2,P,08:54:25.0,4.3
DUR,54.76840,-1.58500,103.0,67.48,321.2,S,09:03:16.0,-0.2
KEW,51.46830,-0.31306,5.0,67.60,317.5,P,08:54:20,-1.5
KEW,51.46830,-0.31306,5.0,67.60,317.5,pP,08:54:25,-1.4
KEW,51.46830,-0.31306,5.0,67.60,317.5,PP,08:57:12,21.8
KEW,51.46830,-0.31306,5.0,67.60,317.5,PP,08:57:15,24.8
KEW,51.46830,-0.31306,5.0,67.60,317.5,08:58:38,___,_i
KEW,51.46830,-0.31306,5.0,67.60,317.5,08:58:50,___,_i
KEW,51.46830,-0.31306,5.0,67.60,317.5,08:58:55,___,_i
KEW,51.46830,-0.31306,5.0,67.60,317.5,09:01:50,___,_i
KEW,51.46830,-0.31306,5.0,67.60,317.5,S,09:03:16,-1.8
KEW,51.46830,-0.31306,5.0,67.60,317.5,S,09:03:18,0.2
KEW,51.46830,-0.31306,5.0,67.60,317.5,09:04:35,___,_i
KEW,51.46830,-0.31306,5.0,67.60,317.5,09:04:41,___,_i
KEW,51.46830,-0.31306,5.0,67.60,317.5,09:06:37,___,_i
KEW,51.46830,-0.31306,5.0,67.60,317.5,09:07:18,___,_i
KEW,51.46830,-0.31306,5.0,67.60,317.5,M,09:20:00,___
KEW,51.46830,-0.31306,5.0,67.60,317.5,M,09:20:00,___
KEW,51.46830,-0.31306,5.0,67.60,317.5,M,09:20:00,___
KEW,51.46830,-0.31306,5.0,67.60,317.5,P,08:54:20.0,-1.5
KEW,51.46830,-0.31306,5.0,67.60,317.5,S,09:03:17.0,-0.8
EDI,55.92330,-3.18750,125.0,68.05,322.6,P,08:54:32.0,7.7
EDI,55.92330,-3.18750,125.0,68.05,322.6,S,09:03:27.0,3.9
OXD,51.76670,-1.25000,61.0,68.08,318.0,P,08:54:27.0,2.5
OXD,51.76670,-1.25000,61.0,68.08,318.0,S,09:02:25.0,-58.6
OXD,51.76670,-1.25000,61.0,68.08,318.0,P,08:54:31.0,6.5
OXD,51.76670,-1.25000,61.0,68.08,318.0,S,09:03:17.0,-6.6
BID,53.40000,-3.06667,60.0,68.69,320.0,P,08:54:25.0,-3.3
BID,53.40000,-3.06667,60.0,68.69,320.0,S,09:03:25.0,-5.7
FBR,41.41640,2.12500,405.0,68.82,306.6,P,08:54:27,-2.5
FBR,41.41640,2.12500,405.0,68.82,306.6,PR1,08:58:08,___
FBR,41.41640,2.12500,405.0,68.82,306.6,S,09:03:29,-3.9
FBR,41.41640,2.12500,405.0,68.82,306.6,S,09:03:29,-3.9
FBR,41.41640,2.12500,405.0,68.82,306.6,L,09:16:39,___
FBR,41.41640,2.12500,405.0,68.82,306.6,M,09:23:26,___
FBR,41.41640,2.12500,405.0,68.82,306.6,M,09:25:23,___
FBR,41.41640,2.12500,405.0,68.82,306.6,M,09:27:24,___
FBR,41.41640,2.12500,405.0,68.82,306.6,M,09:30:56,___
FBR,41.41640,2.12500,405.0,68.82,306.6,M,09:31:13,___
FBR,41.41640,2.12500,405.0,68.82,306.6,P,08:54:27.0,-2.5
FBR,41.41640,2.12500,405.0,68.82,306.6,S,09:03:29.0,-3.9
ALG,36.77170,3.05833,59.0,69.58,301.6,P,08:54:27.0,-7.2
ALG,36.77170,3.05833,59.0,69.58,301.6,S,09:03:31.0,-10.9
BDB,43.06500,0.14833,561.0,69.72,308.8,P,08:54:40.0,5.0
EBR,40.82060,0.49361,50.0,70.18,306.4,P,08:54:10.0,-27.8
EBR,40.82060,0.49361,50.0,70.18,306.4,S,09:03:28.0,-20.8
EBR,40.82060,0.49361,50.0,70.18,306.4,P,08:54:13.0,-24.8
EBR,40.82060,0.49361,50.0,70.18,306.4,S,09:03:25.0,-23.8
SCO,70.48330,-21.95000,69.0,70.84,340.3,P,08:54:51.0,9.7
SCO,70.48330,-21.95000,69.0,70.84,340.3,S,09:04:01.0,5.5
ALI,38.35530,-0.48725,35.0,71.71,304.2,P,08:54:51.0,3.9
ALI,38.35530,-0.48725,35.0,71.71,304.2,S,09:04:07.0,0.3
ALM,36.85253,-2.45978,65.0,73.71,303.3,P,08:54:47.0,-12.1
ALM,36.85253,-2.45978,65.0,73.71,303.3,S,09:03:25.0,-64.5
REY,64.12780,-21.90500,44.0,73.75,334.3,P,08:55:07.0,8.3
REY,64.12780,-21.90500,44.0,73.75,334.3,S,09:04:38.0,9.0
TOL,39.88140,-4.04861,480.0,73.76,306.7,P,08:54:53.0,-6.4
TOL,39.88140,-4.04861,480.0,73.76,306.7,S,09:04:30.0,-0.1
CRT,37.19000,-3.59556,774.0,74.43,304.0,P,08:54:57.0,-6.4
CRT,37.19000,-3.59556,774.0,74.43,304.0,SKiKP,09:04:30.0,0.4
MAL,36.72750,-4.41111,60.0,75.21,303.8,P,08:55:03.0,-4.8
MAL,36.72750,-4.41111,60.0,75.21,303.8,SKiKP,09:04:38.0,7.3
PTO,41.13861,-8.60222,88.0,76.48,309.3,P,08:55:22.0,7.0
PTO,41.13861,-8.60222,88.0,76.48,309.3,S,09:04:56.0,-4.2
SFS,36.46561,-6.20553,21.0,76.64,304.2,P,08:55:13.0,-2.9
SFS,36.46561,-6.20553,21.0,76.64,304.2,S,09:05:01.0,-1.1
SFS,36.46561,-6.20553,21.0,76.64,304.2,P,08:55:21.0,5.1
SFS,36.46561,-6.20553,21.0,76.64,304.2,S,09:04:50.0,-12.1
JOH,-26.18170,28.07500,1806.0,77.19,231.8,P,08:55:18.0,-1.3
JOH,-26.18170,28.07500,1806.0,77.19,231.8,S,09:05:12.0,3.4
ADE,-34.96690,138.70900,655.0,78.83,138.6,P,08:55:31.0,3.0
ADE,-34.96690,138.70900,655.0,78.83,138.6,SKiKP,09:04:25.0,-11.3
MEL,-37.83139,144.97333,28.0,84.49,137.4,P,08:56:00,2.2
MEL,-37.83139,144.97333,28.0,84.49,137.4,08:56:14,___,_i
MEL,-37.83139,144.97333,28.0,84.49,137.4,S,09:06:24,0.1
MEL,-37.83139,144.97333,28.0,84.49,137.4,SS,09:12:13,17.7
MEL,-37.83139,144.97333,28.0,84.49,137.4,SSS,09:16:02,___
MEL,-37.83139,144.97333,28.0,84.49,137.4,M,09:34:00,___
MEL,-37.83139,144.97333,28.0,84.49,137.4,P,08:56:00.0,2.2
MEL,-37.83139,144.97333,28.0,84.49,137.4,SKiKP,09:05:25.0,39.6
IVI,61.20581,-48.17119,15.0,84.90,339.8,P,08:56:04.0,4.4
IVI,61.20581,-48.17119,15.0,84.90,339.8,S,09:06:47.0,19.6
RIV,-33.82940,151.15800,25.0,85.98,131.1,P,08:56:09.0,3.6
RIV,-33.82940,151.15800,25.0,85.98,131.1,S,09:06:32.0,-6.8
SYD,-33.86670,151.20000,43.0,86.03,131.1,P,08:56:06.0,0.4
SYD,-33.86670,151.20000,43.0,86.03,131.1,S,09:06:36.0,-3.3
CTO,-33.95000,18.45000,100.0,88.49,230.5,P,08:56:21.0,3.5
CTO,-33.95000,18.45000,100.0,88.49,230.5,S,09:06:44.0,-18.9
SIT,57.05690,-135.32440,19.0,89.22,21.4,P,08:56:29.0,8.3
SIT,57.05690,-135.32440,19.0,89.22,21.4,S,09:06:10.0,-59.3
DAK,14.66670,-17.43330,30.0,95.52,289.4,P,08:57:00.0,9.4
SUV,-18.14890,178.45700,6.0,99.61,105.4,Pdif,08:57:00.0,-8.9
SUV,-18.14890,178.45700,6.0,99.61,105.4,S,09:07:55.0,-47.0
VIC,48.51940,-123.41500,197.0,100.27,19.7,Pdif,08:57:11.0,-0.3
VIC,48.51940,-123.41500,197.0,100.27,19.7,S,09:07:49.0,___
SAS,52.13330,-106.63300,515.0,100.47,8.2,S,09:08:00.0,___
SAS,52.13330,-106.63300,515.0,100.47,8.2,PP,09:01:31.0,13.3
HON,21.32420,-158.00100,2.0,101.23,59.2,Pdif,08:57:40.0,23.9
HON,21.32420,-158.00100,2.0,101.23,59.2,S,09:08:03.0,___
SEA,47.65500,-122.30800,30.0,101.37,19.5,Pdif,08:57:44.0,27.7
SEA,47.65500,-122.30800,30.0,101.37,19.5,S,09:08:00.0,___
HAL,44.63770,-63.59200,64.0,103.78,338.6,S,09:08:09.0,___
HAL,44.63770,-63.59200,64.0,103.78,338.6,PP,09:01:54.0,11.2
NPZ,-39.06404,174.07350,34.0,104.58,126.5,PP,09:02:00.0,9.8
CHR,-43.53113,172.62682,8.0,105.30,131.2,Pdif,08:57:38.0,4.4
CHR,-43.53113,172.62682,8.0,105.30,131.2,S,09:08:11.0,___
ARA,-38.07152,175.64351,65.0,105.35,125.1,S,09:08:27.0,___
ARA,-38.07152,175.64351,65.0,105.35,125.1,PP,09:02:42.0,46.0
GLE,-42.89831,173.09514,74.0,105.41,130.5,PS,09:10:24.0,-47.8
WEL,-41.28403,174.76820,138.0,105.92,128.4,Pdif,08:57:30.0,-6.4
WEL,-41.28403,174.76820,138.0,105.92,128.4,S,09:09:30.0,___
BZM,45.66690,-111.04500,1490.0,106.03,12.8,Pdif,08:58:05.0,27.7
BZM,45.66690,-111.04500,1490.0,106.03,12.8,S,09:09:34.0,___
OTT,45.39420,-75.71670,77.0,106.28,347.1,P,09:01:18.0,___
OTT,45.39420,-75.71670,77.0,106.28,347.1,S,09:08:20.0,___
API,-13.80720,-171.77500,2.0,106.36,97.4,S,09:08:30.0,___
API,-13.80720,-171.77500,2.0,106.36,97.4,PP,09:02:18.0,14.2
HRV,42.50640,-71.55830,200.0,108.07,343.2,Pdif,08:58:01.0,14.8
HRV,42.50640,-71.55830,200.0,108.07,343.2,S,09:09:36.0,___
TNT,43.66670,-79.40000,111.0,108.63,349.3,Pdif,08:57:58.0,9.4
TNT,43.66670,-79.40000,111.0,108.63,349.3,S,09:08:32.0,___
UKI,39.13720,-123.21100,199.0,108.66,24.1,Pdif,08:58:16.0,27.1
UKI,39.13720,-123.21100,199.0,108.66,24.1,S,09:08:30.0,___
BRK,37.87353,-122.26100,49.4,110.13,24.0,P,09:01:49.0,___
BRK,37.87353,-122.26100,49.4,110.13,24.0,PS,09:11:00.0,-59.0
FOR,40.86310,-73.88560,24.0,110.20,344.3,S,09:08:39.0,___
FOR,40.86310,-73.88560,24.0,110.20,344.3,PP,09:02:37.0,7.2
PAC,37.41670,-122.18200,83.0,110.56,24.2,PP,09:02:18.0,-14.6
AAM,42.30120,-83.65670,172.0,110.57,352.3,P,09:01:54.0,___
AAM,42.30120,-83.65670,172.0,110.57,352.3,S,09:09:06.0,___
MHC,37.34164,-121.64258,1250.4,110.82,23.8,P,09:02:06.0,___
PIT,40.44500,-79.95330,273.0,111.86,349.0,S,09:08:32.0,___
PIT,40.44500,-79.95330,273.0,111.86,349.0,PP,09:02:52.0,10.3
TIN,37.05422,-118.23009,1197.0,112.25,21.3,Pdif,08:58:42.0,36.9
TIN,37.05422,-118.23009,1197.0,112.25,21.3,PS,09:12:28.0,9.1
GEO,38.90000,-77.06670,29.0,112.80,346.2,Pdif,08:58:16.0,8.7
GEO,38.90000,-77.06670,29.0,112.80,346.2,PKKPbc,09:12:43.0,-7.1
HAI,36.13670,-117.94700,1150.0,113.18,21.4,PS,09:13:00.0,32.5
CLT,38.03330,-78.51670,150.0,113.93,347.2,S,09:09:58.0,___
CLT,38.03330,-78.51670,150.0,113.93,347.2,PP,09:02:40.0,-16.5
FLO,38.80170,-90.37000,160.0,114.59,357.4,Pdif,08:58:18.0,2.7
FLO,38.80170,-90.37000,160.0,114.59,357.4,S,09:08:51.0,___
SLM,38.63610,-90.23610,161.0,114.75,357.3,PKPdf,09:01:53.0,-12.8
SLM,38.63610,-90.23610,161.0,114.75,357.3,S,09:08:49.0,___
PAS,34.14844,-118.17114,257.0,114.92,22.5,Pdif,08:58:18.0,1.2
PAS,34.14844,-118.17114,257.0,114.92,22.5,PKKPab,09:12:57.0,5.8
LPA,-34.90890,-57.93190,14.0,148.65,246.5,PKPdf,09:03:10.2,1.6
LPA,-34.90890,-57.93190,14.0,148.65,246.5,09:03:27.6,___,__
LPA,-34.90890,-57.93190,14.0,148.65,246.5,PP,09:06:48,5.4
LPA,-34.90890,-57.93190,14.0,148.65,246.5,PcPcS,09:07:11.4,___
LPA,-34.90890,-57.93190,14.0,148.65,246.5,ScPcPcS,09:13:42.6,___
LPA,-34.90890,-57.93190,14.0,148.65,246.5,ScPcSP,09:17:12,___
LPA,-34.90890,-57.93190,14.0,148.65,246.5,PPS,09:19:36,___
LPA,-34.90890,-57.93190,14.0,148.65,246.5,SS,09:25:54,1.9
LPA,-34.90890,-57.93190,14.0,148.65,246.5,SSS,09:31:12,___
LPA,-34.90890,-57.93190,14.0,148.65,246.5,L,09:45:00,___
LPA,-34.90890,-57.93190,14.0,148.65,246.5,M,09:48:32.4,___
LPA,-34.90890,-57.93190,14.0,148.65,246.5,L,09:51:36,___
LPA,-34.90890,-57.93190,14.0,148.65,246.5,L,09:52:54,___
LPA,-34.90890,-57.93190,14.0,148.65,246.5,M,09:57:06.6,___
LPA,-34.90890,-57.93190,14.0,148.65,246.5,M,09:57:12.6,___
LPA,-34.90890,-57.93190,14.0,148.65,246.5,M,09:58:56.4,___
LPA,-34.90890,-57.93190,14.0,148.65,246.5,M,10:00:38.4,___
LPA,-34.90890,-57.93190,14.0,148.65,246.5,M,10:01:28.2,___
LPA,-34.90890,-57.93190,14.0,148.65,246.5,M,10:02:35.4,___
LPA,-34.90890,-57.93190,14.0,148.65,246.5,M,10:03:01.8,___
LPA,-34.90890,-57.93190,14.0,148.65,246.5,M,10:06:18.6,___
LPA,-34.90890,-57.93190,14.0,148.65,246.5,M,10:06:21.6,___
LPA,-34.90890,-57.93190,14.0,148.65,246.5,M,10:08:08.4,___
LPA,-34.90890,-57.93190,14.0,148.65,246.5,M,10:08:49.2,___
LPA,-34.90890,-57.93190,14.0,148.65,246.5,M,10:19:48.6,___
LPZ,-16.49530,-68.13270,3658.0,154.38,288.6,PKPdf,09:03:20,1.6
LPZ,-16.49530,-68.13270,3658.0,154.38,288.6,09:03:26,___,3000.0
LPZ,-16.49530,-68.13270,3658.0,154.38,288.6,PKPab,09:03:41,0.1
LPZ,-16.49530,-68.13270,3658.0,154.38,288.6,pP,09:04:35,___
LPZ,-16.49530,-68.13270,3658.0,154.38,288.6,PP,09:07:28,11.9
LPZ,-16.49530,-68.13270,3658.0,154.38,288.6,SKSdf,09:10:28,2.6
LPZ,-16.49530,-68.13270,3658.0,154.38,288.6,PPP,09:11:03,___
LPZ,-16.49530,-68.13270,3658.0,154.38,288.6,SKKSac,09:14:35,28.6
LPZ,-16.49530,-68.13270,3658.0,154.38,288.6,PSKS,09:18:01,___
LPZ,-16.49530,-68.13270,3658.0,154.38,288.6,PPS,09:20:46,___
LPZ,-16.49530,-68.13270,3658.0,154.38,288.6,09:22:48,___,56000.0
LPZ,-16.49530,-68.13270,3658.0,154.38,288.6,SS,09:26:46,-10.8
LPZ,-16.49530,-68.13270,3658.0,154.38,288.6,SSS,09:32:50,___
LPZ,-16.49530,-68.13270,3658.0,154.38,288.6,SSSS,09:36:48,___
LPZ,-16.49530,-68.13270,3658.0,154.38,288.6,L,09:46:00,___
LPZ,-16.49530,-68.13270,3658.0,154.38,288.6,LR,09:52:00,___
LPZ,-16.49530,-68.13270,3658.0,154.38,288.6,M,10:01:33,___
LPZ,-16.49530,-68.13270,3658.0,154.38,288.6,M,10:03:48,___
LPZ,-16.49530,-68.13270,3658.0,154.38,288.6,M,10:04:46,___
LPZ,-16.49530,-68.13270,3658.0,154.38,288.6,M,10:06:06,___
LPZ,-16.49530,-68.13270,3658.0,154.38,288.6,M,10:08:00,___
LPZ,-16.49530,-68.13270,3658.0,154.38,288.6,M,10:09:03,___
LPZ,-16.49530,-68.13270,3658.0,154.38,288.6,M,10:15:08,___
LPZ,-16.49530,-68.13270,3658.0,154.38,288.6,M,10:19:28,___